<?xml version="1.0" encoding="UTF-8"?>
<beans xmlns="http://www.springframework.org/schema/beans"
	xmlns:xsi="http://www.w3.org/2001/XMLSchema-instance"
	xmlns:mvc="http://www.springframework.org/schema/mvc"
	xmlns:context="http://www.springframework.org/schema/context"
	xsi:schemaLocation="http://www.springframework.org/schema/mvc http://www.springframework.org/schema/mvc/spring-mvc-4.2.xsd
		http://www.springframework.org/schema/beans http://www.springframework.org/schema/beans/spring-beans.xsd
		http://www.springframework.org/schema/context http://www.springframework.org/schema/context/spring-context-4.2.xsd">
	
	
	<context:component-scan base-package="com.ync.view"></context:component-scan>
	<mvc:annotation-driven></mvc:annotation-driven>
	
	<bean id="multipartResolver" class="org.springframework.web.multipart.commons.CommonsMultipartResolver">
		<property name="maxUploadSize" value="10485760"></property>
	</bean>
		
	<mvc:interceptors>
		<mvc:interceptor>
			<mvc:mapping path="/*.do"/>
			<mvc:exclude-mapping path="/login.do" />
			<mvc:exclude-mapping path="/register.do" />
			<bean class="com.ync.biz.common.LoginCheckIntercepter" /> 
		</mvc:interceptor>
	</mvc:interceptors>		
	
<!--	
	
	// HandlerMapping 등록 
	<bean class="org.springframework.web.servlet.handler.SimpleUrlHandlerMapping">
		<property name="mappings">
			<props>
				<prop key="/login.do">login</prop>
				<prop key="/getBoardList.do">getBoardList</prop>
				<prop key="/getBoard.do">getBoard</prop>
				<prop key="/insertBoard.do">insertBoard</prop>
				<prop key="/updateBoard.do">updateBoard</prop>
				<prop key="/deleteBoard.do">deleteBoard</prop>
				<prop key="/logout.do">logout</prop>
				<prop key="/register.do">register</prop>
			</props>
		</property>
	</bean>
	
	// Controller 등록 
	<bean id="login" class="com.ync.view.user.LoginController"></bean>
	<bean id="logout" class="com.ync.view.user.LogoutController"></bean>
	<bean id="register" class="com.ync.view.user.RegisterController"></bean>
	<bean id="getBoardList" class="com.ync.view.board.GetBoardListController"></bean>
	<bean id="getBoard" class="com.ync.view.board.GetBoardController"></bean>
	<bean id="insertBoard" class="com.ync.view.board.InsertBoardController"></bean>
	<bean id="updateBoard" class="com.ync.view.board.UpdateBoardController"></bean>
	<bean id="deleteBoard" class="com.ync.view.board.DeleteBoardController"></bean>
	
	// ViewResolver
	<bean id="viewResolver" class="org.springframework.web.servlet.view.InternalResourceViewResolver">
		<property name="prefix" value="/WEB-INF/board/"></property>
		<property name="suffix" value=".jsp"></property>
	</bean>
	 -->


</beans>
