<?xml version="1.0" encoding="UTF-8"?>
<beans xmlns="http://www.springframework.org/schema/beans"
	xmlns:xsi="http://www.w3.org/2001/XMLSchema-instance"
	xmlns:context="http://www.springframework.org/schema/context"
	xmlns:aop="http://www.springframework.org/schema/aop"
	xmlns:tx="http://www.springframework.org/schema/tx"
	xsi:schemaLocation="http://www.springframework.org/schema/beans http://www.springframework.org/schema/beans/spring-beans.xsd
		http://www.springframework.org/schema/context http://www.springframework.org/schema/context/spring-context-4.2.xsd
		http://www.springframework.org/schema/aop http://www.springframework.org/schema/aop/spring-aop-4.2.xsd
		http://www.springframework.org/schema/tx http://www.springframework.org/schema/tx/spring-tx-4.2.xsd">

	<context:component-scan base-package="com.ync.biz"></context:component-scan>
	
	<bean id="log" class="com.ync.biz.common.Log4jAdvice" />
	
	
	<aop:config>
		<aop:pointcut id="allPointcut" expression="execution(* com.ync.biz..*Impl.*(..))" />
		<aop:aspect ref="log">
			<aop:before method="printLogging" pointcut-ref="allPointcut"/>		
		</aop:aspect>
	</aop:config>
	
	<!-- 
	<bean id="userService" class="com.ync.biz.user.impl.UserServiceImpl">
		<property name="userDAO" ref="userDAO"></property>
	</bean>
	
	<bean id="userDAO" class="com.ync.biz.user.impl.UserDAO" />
	
	 -->
	 
	 <context:property-placeholder location="classpath:config/database.properties"/>
	 
	 <bean id="dataSource" class="org.apache.commons.dbcp.BasicDataSource" destroy-method="close">
	 	<property name="driverClassName" value="${jdbc.driver}"></property>
	 	<property name="url" value="${jdbc.url}"></property>
	 	<property name="username" value="${jdbc.username}"></property>
	 	<property name="password" value="${jdbc.password}"></property>
	 	
	 </bean>	
	 
	 <bean id="jdbcTemplate" class="org.springframework.jdbc.core.JdbcTemplate">
	 	<property name="dataSource" ref="dataSource"></property>
	 </bean>
	 
	 <bean id="txManager" class="org.springframework.jdbc.datasource.DataSourceTransactionManager">
	 	<property name="dataSource" ref="dataSource"></property>
	 </bean>
	 
	 <tx:advice id="txAdvice" transaction-manager="txManager">
	 	<tx:attributes>
	 		<tx:method name="get*" read-only="true" />
	 		<tx:method name="*"/>
	 	</tx:attributes>
	 </tx:advice>
	 
	 <aop:config>
	 	<aop:pointcut expression="execution(* com.ync.biz..*Impl.*(..))" id="txPointcut"/>
	 	<aop:advisor advice-ref="txAdvice" pointcut-ref="txPointcut"/>
	 </aop:config>

</beans>
